slug,issues,featured_image,featured_image_alt,primary_keyword
air-conditioning-emergency-call-out-invoice,legacy_hero_image,"/hero_image.png","HVAC technician invoicing an emergency air conditioning call-out after a late-night repair","air conditioning emergency call-out invoice"
appliance-repair-invoice-template-australia,broken_local_path,"/images/blog/appliance-repair-invoice-template.jpg","Appliance repair technician generating invoice on phone in client driveway","appliance repair invoice template Australia"
arborist-invoice-template-australia,broken_local_path,"/images/blog/arborist-invoice-template.jpg","Arborist generating invoice on phone after tree removal job","arborist invoice template Australia"
builder-owes-you-subcontractor-payment-australia,missing_image|missing_alt,"","","subcontractor payment rights australia"
built-by-someone-else-tradie-invoicing,external_stock,"https://images.pexels.com/photos/3860003/pexels-photo-3860003.jpeg","Tradie working on renovation project inherited from another contractor","inherited project invoicing"
built-for-people-who-dont-type,missing_image|missing_alt,"","","invoicing app dyslexia tradies"
can-i-invoice-without-gst-australia,missing_image|missing_alt,"","","can i invoice without gst australia"
car-detailing-invoice-template-australia,broken_local_path,"/images/blog/car-detailing-invoice-template.jpg","Mobile car detailer generating invoice on phone between detailing jobs","car detailing invoice template Australia"
cleaning-invoice-template-australia,legacy_hero_image,"/hero_image.png","Cleaner creating a tax-compliant invoice after finishing a job","cleaning invoice template Australia"
cleaning-services-voice-invoicing-tradie,external_stock,"https://images.pexels.com/photos/3930127/pexels-photo-3930127.jpeg","Professional cleaning team working on office space","cleaning services voice invoicing"
concreter-invoice-template-australia,broken_local_path,"/images/blog/concreter-invoice-template.jpg","Concreter filling out invoice on phone at job site after pouring concrete slab","concreter invoice template Australia"
customer-approval-portal,missing_image|missing_alt,"","","customer approval portal invoicing sole trader"
customer-payment-history-better-tradie,missing_image|missing_alt,"","","customer payment history sole trader"
customer-put-fifty-back-in-purse,missing_image|missing_alt,"","","customer won't pay full invoice amount Australia"
do-i-need-gst-as-a-sole-trader-australia,missing_image|missing_alt,"","","do i need gst as a sole trader australia"
dog-grooming-invoice-template-australia,broken_local_path,"/images/blog/dog-grooming-invoice-template.jpg","Mobile dog groomer generating invoice on phone between grooming appointments","dog grooming invoice template Australia"
driveway-concrete-asphalt-voice-invoicing,external_stock,"https://images.pexels.com/photos/416978/pexels-photo-416978.jpeg","Concrete driveway paving work in progress","concrete driveway invoicing"
electrician-call-out-fee-invoice,legacy_hero_image,"/hero_image.png","Electrician adding a call-out fee to an invoice after an emergency fault repair","electrician call-out fee invoice"
electrician-invoice-template-australia,legacy_hero_image,"/hero_image.png","Electrician creating a GST-ready invoice from the van after finishing a job","electrician invoice template Australia"
eofy-invoicing-checklist-sole-traders-australia,missing_image|missing_alt,"","","EOFY invoicing checklist sole traders Australia"
fastest-way-to-send-invoice-2026,missing_image|missing_alt,"","","fastest way to send an invoice"
fencing-invoice-template-australia,broken_local_path,"/images/blog/fencing-invoice-template.jpg","Fencing contractor generating invoice on phone after completing Colorbond fence installation","fencing invoice template Australia"
fergus-alternative-voice-invoicing-tradie,external_stock,"https://images.pexels.com/photos/3862132/pexels-photo-3862132.jpeg","Tradie plumber checking work on residential installation","fergus alternative voice invoicing"
fly-screen-job,missing_image|missing_alt,"","","voice invoicing real world example"
forgotten-invoices-annual-cost,missing_image|missing_alt,"","","forgotten invoices sole trader cost"
gardening-invoice-template-australia,legacy_hero_image,"/hero_image.png","Gardener creating an invoice from a phone after lawn maintenance","gardening invoice template Australia"
gmail-email-to-invoice-20-seconds,missing_image|missing_alt,"","","gmail invoice extension"
gmail-quickbooks-xero-bridge,missing_image|missing_alt,"","","gmail to quickbooks bridge"
gmail-to-xero-invoice-no-typing,missing_image|missing_alt,"","","xero gmail integration"
handyman-invoice-template-australia,legacy_hero_image,"/hero_image.png","Handyman creating an invoice for repairs and materials from a phone","handyman invoice template Australia"
handyman-materials-and-call-out-fees,legacy_hero_image,"/hero_image.png","Handyman adding hardware and call-out fees to an invoice","handyman materials invoice"
handymen-multi-skill-voice-invoicing-tradie,external_stock,"https://images.pexels.com/photos/3587620/pexels-photo-3587620.jpeg","Multi-skilled handyman working on bathroom plumbing installation","handyman multi-skill invoicing"
how-long-to-send-invoice-after-job-australia,missing_image|missing_alt,"","","how long to send invoice after job australia"
how-much-losing-uncharged-materials,missing_image|missing_alt,"","","uncharged materials invoicing sole trader"
how-to-charge-materials-on-a-plumbing-invoice,legacy_hero_image,"/hero_image.png","Plumber itemising fittings and materials on a phone invoice","how to charge materials on a plumbing invoice"
how-to-invoice-appliance-repair-callouts,broken_local_path,"/images/blog/appliance-repair-callout-invoice.jpg","Appliance repair technician invoicing after completing washing machine repair on phone","appliance repair callout invoice"
how-to-invoice-as-a-carpenter-australia,missing_image|missing_alt,"","","how to invoice as a carpenter australia"
how-to-invoice-as-a-cleaner-australia,missing_image|missing_alt,"","","how to invoice as a cleaner australia"
how-to-invoice-as-a-gardener-australia,missing_image|missing_alt,"","","how to invoice as a gardener australia"
how-to-invoice-as-a-handyman-australia,missing_image|missing_alt,"","","how to invoice as a handyman australia"
how-to-invoice-as-a-mobile-mechanic-australia,missing_image|missing_alt,"","","how to invoice as a mobile mechanic australia"
how-to-invoice-as-a-painter-australia,missing_image|missing_alt,"","","how to invoice as a painter australia"
how-to-invoice-as-a-pest-control-operator-australia,missing_image|missing_alt,"","","how to invoice as a pest control operator australia"
how-to-invoice-as-a-plumber-australia,missing_image|missing_alt,"","","how to invoice as a plumber australia"
how-to-invoice-as-a-sole-trader-australia-complete-guide,missing_image|missing_alt,"","","how to invoice as a sole trader australia"
how-to-invoice-as-an-electrician-australia,missing_image|missing_alt,"","","how to invoice as an electrician australia"
how-to-invoice-cctv-and-alarm-installations,broken_local_path,"/images/blog/cctv-alarm-installation-invoice.jpg","Security installer reviewing CCTV installation invoice with equipment line items on phone","CCTV alarm installation invoice"
how-to-invoice-commercial-cleaning-clients,legacy_hero_image,"/hero_image.png","Commercial cleaner preparing an office cleaning invoice with site and service-period details","how to invoice commercial cleaning clients"
how-to-invoice-computer-repair-parts-and-labour,broken_local_path,"/images/blog/computer-repair-parts-invoice.jpg","IT technician invoicing computer repair with parts and labour line items on phone","computer repair parts and labour invoice"
how-to-invoice-concrete-progress-claims,broken_local_path,"/images/blog/concrete-progress-claim-invoice.jpg","Concreter reviewing progress claim invoice on phone at construction site","concrete progress claim invoice"
how-to-invoice-emergency-locksmith-call-outs,broken_local_path,"/images/blog/emergency-locksmith-invoice.jpg","Locksmith sending invoice on phone at 2am after completing emergency residential lockout","emergency locksmith invoice after-hours"
how-to-invoice-fencing-by-the-metre,broken_local_path,"/images/blog/fencing-metre-rate-invoice.jpg","Fencing contractor walking fence line and generating quote on phone for client","fencing invoice by the metre"
how-to-invoice-mobile-car-detailing-packages,broken_local_path,"/images/blog/car-detailing-packages-invoice.jpg","Mobile car detailer invoicing between detail jobs on phone","mobile car detailing invoice packages"
how-to-invoice-mobile-dog-grooming-appointments,broken_local_path,"/images/blog/mobile-dog-grooming-invoice.jpg","Mobile dog groomer invoicing appointment on phone between groom sessions","mobile dog grooming invoice appointments"
how-to-invoice-multi-day-painting-jobs,legacy_hero_image,"/hero_image.png","Painter invoicing a multi-day exterior repaint job from a phone on the final day","how to invoice multi-day painting jobs"
how-to-invoice-pool-chemical-treatments,broken_local_path,"/images/blog/pool-chemical-treatment-invoice.jpg","Pool technician dosing pool chemicals and invoicing on phone","pool chemical treatment invoice"
how-to-invoice-pool-maintenance-australia,missing_image|missing_alt,"","","how to invoice pool maintenance australia"
how-to-invoice-quarterly-pest-treatments,legacy_hero_image,"/hero_image.png","Pest control operator invoicing a quarterly residential treatment from a phone in the ute","how to invoice quarterly pest control treatments"
how-to-invoice-rubbish-removal-tip-fees,broken_local_path,"/images/blog/rubbish-removal-tip-fees-invoice.jpg","Rubbish removal truck at tip with operator generating invoice on phone","rubbish removal tip fees invoice"
how-to-invoice-solar-with-stc-rebates,broken_local_path,"/images/blog/solar-stc-rebate-invoice.jpg","Solar installer reviewing STC rebate invoice on phone at residential installation site","solar installation STC rebate invoice"
how-to-invoice-switchboard-upgrades,legacy_hero_image,"/hero_image.png","Electrician itemising a switchboard upgrade invoice from the van","how to invoice switchboard upgrades"
how-to-invoice-tiling-labour-and-materials,broken_local_path,"/images/blog/tiling-labour-materials-invoice.jpg","Tiler invoicing tiling job on phone with floor and wall line items visible","tiling labour and materials invoice"
how-to-invoice-tree-removal-and-stump-grinding,broken_local_path,"/images/blog/tree-removal-invoice.jpg","Arborist on site invoicing tree removal job using voice invoicing app","tree removal stump grinding invoice"
hvac-air-con-invoice-template-australia,legacy_hero_image,"/hero_image.png","HVAC technician creating a GST-ready invoice on a phone after completing an air conditioning service","HVAC invoice template Australia"
i-never-got-it-invoice-dispute,missing_image|missing_alt,"","","invoice never got it dispute sole trader"
ill-pay-you-next-week-chasing-invoices,missing_image|missing_alt,"","","chasing invoices tradie australia"
invoice-without-typing,missing_image|missing_alt,"","","how to invoice without typing"
invoicing-app-no-typing,missing_image|missing_alt,"","","invoicing app no typing Australia"
is-voice-invoicing-accurate,missing_image|missing_alt,"","","is voice invoicing accurate"
it-repair-invoice-template-australia,broken_local_path,"/images/blog/it-repair-invoice-template.jpg","IT repair technician generating invoice on phone after completing on-site callout","IT repair invoice template Australia"
lawn-mowing-repeat-invoices,legacy_hero_image,"/hero_image.png","Gardener repeating a lawn mowing invoice between properties","repeat invoices for lawn mowing"
locksmith-invoice-template-australia,broken_local_path,"/images/blog/locksmith-invoice-template.jpg","Locksmith generating invoice on phone after completing lock replacement job","locksmith invoice template Australia"
miscellaneous-costing-you,missing_image|missing_alt,"","","miscellaneous invoice line item tradies"
mobile-mechanic-call-out-fee-invoice,legacy_hero_image,"/hero_image.png","Mobile mechanic sending a roadside call-out invoice from a phone","mobile mechanic call-out fee invoice"
mobile-mechanic-parts-markup-invoice,legacy_hero_image,"/hero_image.png","Mobile mechanic itemising parts and labour from a driveway","mobile mechanic parts markup invoice"
never-send-bank-details-text,missing_image|missing_alt,"","","invoice fraud Australia bank details text"
painter-invoice-template-australia,legacy_hero_image,"/hero_image.png","Painter creating a GST-ready invoice on a phone after finishing a job","painter invoice template Australia"
pest-control-invoice-template-australia,legacy_hero_image,"/hero_image.png","Pest control operator creating a GST-ready invoice on a phone after completing a treatment","pest control invoice template Australia"
pest-control-invoicing-gmail-csv-pricing,missing_image|missing_alt,"","","pest control invoicing software"
plumber-call-out-fee-invoice,legacy_hero_image,"/hero_image.png","Plumber adding a call-out fee to an invoice after an emergency job","plumber call-out fee invoice"
plumbing-invoice-template-australia,legacy_hero_image,"/hero_image.png","Plumber creating a GST-ready invoice from a ute after finishing a job","plumbing invoice template Australia"
pool-service-invoice-template-australia,broken_local_path,"/images/blog/pool-service-invoice-template.jpg","Pool technician generating invoice on phone after completing pool service","pool service invoice template Australia"
price-materials-automatically,missing_image|missing_alt,"","","automatic materials pricing quote Australia"
property-manager-payment-runaround,missing_image|missing_alt,"","","property manager invoice payment delay Australia"
quickbooks-gmail-chrome-extension-missing,missing_image|missing_alt,"","","quickbooks gmail integration"
quickbooks-gmail-sidebar-tab-switching,missing_image|missing_alt,"","","quickbooks gmail sidebar"
read-receipts-invoicing,missing_image|missing_alt,"","","invoice read receipts sole trader"
repeat-customer-inconsistent-pricing,missing_image|missing_alt,"","","repeat customer inconsistent pricing tradie"
repeat-invoices-for-cleaners,legacy_hero_image,"/hero_image.png","Cleaner repeating a weekly invoice from a phone after leaving a property","repeat invoices for cleaners"
rubbish-removal-invoice-template-australia,broken_local_path,"/images/blog/rubbish-removal-invoice-template.jpg","Rubbish removal operator generating invoice on phone after completing collection","rubbish removal invoice template Australia"
scope-creep-tradie-invoice,missing_image|missing_alt,"","","scope creep tradie invoice australia"
security-installer-invoice-template-australia,broken_local_path,"/images/blog/security-installer-invoice-template.jpg","Security installer generating invoice on phone after completing CCTV installation","security installer invoice template Australia"
smash-quickbooks-perfect-invoice-speed-stack,external_stock,"https://images.pexels.com/photos/3184292/pexels-photo-3184292.jpeg","Tradie using SMASH voice invoicing integrated with QuickBooks on mobile","SMASH QuickBooks integration"
smash-quickbooks-why-tradies-choose-speed,external_stock,"https://images.pexels.com/photos/3184465/pexels-photo-3184465.jpeg","Professional tradie using voice invoicing on mobile device","SMASH QuickBooks integration tradie invoicing"
smash-vs-google-docs-free-invoice-template,missing_image|missing_alt,"","","google docs invoice template vs invoicing app"
smash-vs-invoice2go,missing_image|missing_alt,"","","smash invoices vs invoice2go"
smash-vs-tradify-sole-trader,missing_image|missing_alt,"","","smash invoices vs tradify sole trader"
smash-vs-typing-invoices,missing_image|missing_alt,"","","SMASH Invoices vs typing invoices comparison"
smash-xero-voice-invoicing-accounting,external_stock,"https://images.pexels.com/photos/3184627/pexels-photo-3184627.jpeg","Professional using SMASH voice invoicing integrated with Xero accounting on mobile device","SMASH Xero integration voice invoicing"
solar-installation-invoice-template-australia,broken_local_path,"/images/blog/solar-installation-invoice-template.jpg","Solar installer generating invoice on phone after commissioning solar system","solar installation invoice template Australia"
stop-admin-sundays-voice-invoicing,legacy_hero_image,"https://smashinvoices.com/hero_image.png","Voice-powered invoicing interface showing tradie using voice commands to create invoices","admin sundays tradies"
sunday-night-invoicing-real-cost,missing_image|missing_alt,"","","sunday night invoicing cost sole trader"
tax-deductions-sole-trader-tradie-australia,missing_image|missing_alt,"","","tax deductions sole trader tradie australia"
the-30000-mistake-accountant-cant-save,missing_image|missing_alt,"","","invoicing mistakes sole trader accountant australia"
the-verbal-quote-trap,missing_image|missing_alt,"","","verbal quote trap tradie australia"
tiler-invoice-template-australia,broken_local_path,"/images/blog/tiler-invoice-template.jpg","Tiler reviewing invoice on phone after completing bathroom tile installation","tiler invoice template Australia"
too-nice-costing-you-money,missing_image|missing_alt,"","","undercharging tradie australia"
voice-to-quote-feature,external_stock,"https://images.pexels.com/photos/7551662/pexels-photo-7551662.jpeg","Professional using voice commands on mobile device at job site","voice-to-quote"
what-does-a-good-tradie-business-look-like,missing_image|missing_alt,"","","good tradie business australia numbers"
what-happens-no-abn-on-invoice-australia,missing_image|missing_alt,"","","what happens no abn on invoice australia"
what-is-a-bas-sole-trader-australia,missing_image|missing_alt,"","","what is a bas sole trader australia"
what-must-be-on-a-tax-invoice-australia,missing_image|missing_alt,"","","what must be on a tax invoice australia"
who-is-smash-invoices-for,missing_image|missing_alt,"","","who is SMASH Invoices for"
why-every-invoicing-app-fails,missing_image|missing_alt,"","","invoicing app fails tradies"
why-trades-businesses-fail-year-3,missing_image|missing_alt,"","","why trades businesses fail australia"
xero-too-complicated-sole-trader,missing_image|missing_alt,"","","xero too complicated sole trader"