slug,links_to_voice_invoicing,links_to_gmail_invoice,links_to_chrome_extension,outbound_blog_links,inbound_internal_links,is_orphan
ai-voice-invoicing-2026-standard,yes,yes,yes,8,15,no
air-conditioning-emergency-call-out-invoice,yes,yes,yes,0,0,yes
appliance-repair-invoice-template-australia,yes,yes,yes,0,0,yes
arborist-invoice-template-australia,yes,yes,yes,0,0,yes
best-quote-and-invoice-software-for-tradies,yes,yes,yes,11,3,no
beyond-chatgpt-dedicated-voice-invoicing,yes,yes,yes,8,1,no
builder-owes-you-subcontractor-payment-australia,yes,yes,yes,2,0,yes
built-by-someone-else-tradie-invoicing,yes,yes,yes,0,0,yes
built-for-people-who-dont-type,yes,yes,yes,0,3,no
bulk-goods-wholesaler-quoting-gmail,yes,no,yes,3,4,no
can-chatgpt-generate-invoices-tradie-guide,yes,yes,yes,7,1,no
can-i-invoice-without-gst-australia,yes,yes,yes,2,0,yes
car-detailing-invoice-template-australia,yes,yes,yes,0,0,yes
cleaning-invoice-template-australia,yes,yes,yes,0,0,yes
cleaning-services-voice-invoicing-tradie,yes,yes,yes,0,0,yes
concreter-invoice-template-australia,yes,yes,yes,0,0,yes
customer-approval-portal,yes,yes,yes,0,6,no
customer-payment-history-better-tradie,yes,yes,yes,0,3,no
customer-put-fifty-back-in-purse,yes,yes,yes,0,3,no
do-i-need-gst-as-a-sole-trader-australia,yes,yes,yes,2,3,no
dog-grooming-invoice-template-australia,yes,yes,yes,0,0,yes
driveway-concrete-asphalt-voice-invoicing,yes,yes,yes,0,0,yes
electrician-call-out-fee-invoice,yes,yes,yes,0,0,yes
electrician-invoice-template-australia,yes,yes,yes,0,0,yes
eofy-invoicing-checklist-sole-traders-australia,yes,yes,yes,3,7,no
fastest-voice-invoice-generator-gmail,yes,yes,yes,4,2,no
fastest-way-to-send-invoice-2026,yes,yes,yes,4,2,no
fencing-gate-balustrade-quoting-gmail,yes,no,yes,2,0,yes
fencing-invoice-template-australia,yes,yes,yes,0,0,yes
fergus-alternative-voice-invoicing-tradie,yes,yes,yes,0,0,yes
fly-screen-job,yes,yes,yes,3,2,no
forgotten-invoices-annual-cost,yes,yes,yes,0,4,no
friday-pub-test-batch-invoicing-tradies,yes,yes,yes,7,4,no
garden-shed-kit-barn-quoting-gmail,yes,no,yes,2,2,no
gardening-invoice-template-australia,yes,yes,yes,0,0,yes
gmail-email-to-invoice-20-seconds,yes,yes,yes,4,9,no
gmail-quickbooks-xero-bridge,yes,yes,yes,4,5,no
gmail-to-xero-invoice-no-typing,yes,yes,yes,3,3,no
handyman-invoice-template-australia,yes,yes,yes,0,0,yes
handyman-materials-and-call-out-fees,yes,yes,yes,0,0,yes
handymen-multi-skill-voice-invoicing-tradie,yes,yes,yes,0,0,yes
hidden-cost-of-invoicing-friction,yes,yes,yes,9,3,no
how-long-to-send-invoice-after-job-australia,yes,yes,yes,2,0,yes
how-much-losing-uncharged-materials,yes,yes,yes,0,8,no
how-to-add-sku-numbers-to-invoice,no,yes,yes,0,0,yes
how-to-charge-materials-on-a-plumbing-invoice,yes,yes,yes,0,1,no
how-to-get-invoices-paid-faster-tradie-secrets,yes,yes,yes,6,8,no
how-to-invoice-appliance-repair-callouts,yes,yes,yes,0,0,yes
how-to-invoice-as-a-carpenter-australia,yes,yes,yes,3,0,yes
how-to-invoice-as-a-cleaner-australia,yes,yes,yes,3,0,yes
how-to-invoice-as-a-gardener-australia,yes,yes,yes,3,0,yes
how-to-invoice-as-a-handyman-australia,yes,yes,yes,3,2,no
how-to-invoice-as-a-mobile-mechanic-australia,yes,yes,yes,3,0,yes
how-to-invoice-as-a-painter-australia,yes,yes,yes,3,0,yes
how-to-invoice-as-a-pest-control-operator-australia,yes,yes,yes,2,0,yes
how-to-invoice-as-a-plumber-australia,yes,yes,yes,3,0,yes
how-to-invoice-as-a-sole-trader-australia-complete-guide,yes,yes,yes,3,0,yes
how-to-invoice-as-an-electrician-australia,yes,yes,yes,3,0,yes
how-to-invoice-cctv-and-alarm-installations,yes,yes,yes,0,0,yes
how-to-invoice-commercial-cleaning-clients,yes,yes,yes,0,0,yes
how-to-invoice-computer-repair-parts-and-labour,yes,yes,yes,0,0,yes
how-to-invoice-concrete-progress-claims,yes,yes,yes,0,0,yes
how-to-invoice-emergency-locksmith-call-outs,yes,yes,yes,0,0,yes
how-to-invoice-fencing-by-the-metre,yes,yes,yes,0,0,yes
how-to-invoice-mobile-car-detailing-packages,yes,yes,yes,0,0,yes
how-to-invoice-mobile-dog-grooming-appointments,yes,yes,yes,0,0,yes
how-to-invoice-multi-day-painting-jobs,yes,yes,yes,0,1,no
how-to-invoice-pool-chemical-treatments,yes,yes,yes,0,0,yes
how-to-invoice-pool-maintenance-australia,yes,yes,yes,2,0,yes
how-to-invoice-quarterly-pest-treatments,yes,yes,yes,1,1,no
how-to-invoice-rubbish-removal-tip-fees,yes,yes,yes,0,0,yes
how-to-invoice-solar-with-stc-rebates,yes,yes,yes,0,0,yes
how-to-invoice-switchboard-upgrades,yes,yes,yes,0,0,yes
how-to-invoice-tiling-labour-and-materials,yes,yes,yes,0,0,yes
how-to-invoice-tree-removal-and-stump-grinding,yes,yes,yes,0,0,yes
hvac-air-con-invoice-template-australia,yes,yes,yes,0,0,yes
i-never-got-it-invoice-dispute,yes,yes,yes,0,1,no
ill-pay-you-next-week-chasing-invoices,yes,yes,yes,3,1,no
invoice-without-typing,yes,yes,yes,0,3,no
invoicing-app-no-typing,yes,yes,yes,0,3,no
is-voice-invoicing-accurate,yes,yes,yes,0,0,yes
is-xero-overkill-for-solo-tradies,yes,yes,yes,9,2,no
it-repair-invoice-template-australia,yes,yes,yes,0,0,yes
it-reseller-msp-quote-automation-gmail,yes,no,yes,2,1,no
lawn-mowing-repeat-invoices,yes,yes,yes,0,0,yes
locksmith-invoice-template-australia,yes,yes,yes,0,0,yes
miscellaneous-costing-you,yes,yes,yes,0,4,no
mobile-mechanic-call-out-fee-invoice,yes,yes,yes,0,0,yes
mobile-mechanic-invoice-software-grease-free,yes,yes,yes,1,1,no
mobile-mechanic-parts-markup-invoice,yes,yes,yes,0,0,yes
mobile-mechanic-toolkit-voice-to-invoice,yes,yes,yes,8,1,no
never-send-bank-details-text,yes,yes,yes,0,1,no
painter-invoice-template-australia,yes,yes,yes,1,0,yes
pest-control-invoice-template-australia,yes,yes,yes,1,1,no
pest-control-invoicing-gmail-csv-pricing,yes,yes,yes,2,1,no
photographer-wedding-quote-gmail-60-seconds,yes,yes,yes,5,0,yes
plumber-call-out-fee-invoice,yes,yes,yes,0,0,yes
plumbing-invoice-template-australia,yes,yes,yes,1,0,yes
pool-service-invoice-template-australia,yes,yes,yes,0,0,yes
price-materials-automatically,yes,yes,yes,0,6,no
print-signage-custom-quote-gmail,yes,no,yes,2,1,no
property-manager-payment-runaround,yes,yes,yes,0,1,no
quickbooks-estimates-from-gmail,yes,no,yes,3,5,no
quickbooks-gmail-chrome-extension-missing,yes,yes,yes,3,4,no
quickbooks-gmail-invoice-shortcut,yes,yes,yes,4,0,yes
quickbooks-gmail-sidebar-tab-switching,yes,yes,yes,4,7,no
read-receipts-invoicing,yes,yes,yes,0,3,no
repeat-customer-inconsistent-pricing,yes,yes,yes,2,1,no
repeat-invoices-for-cleaners,yes,yes,yes,0,0,yes
rubbish-removal-invoice-template-australia,yes,yes,yes,0,0,yes
scope-creep-tradie-invoice,yes,yes,yes,3,0,yes
security-installer-invoice-template-australia,yes,yes,yes,0,0,yes
service-trade-invoice-gmail-sidebar,yes,no,yes,4,3,no
shipping-container-quote-builder-gmail,yes,no,yes,3,1,no
smash-quickbooks-perfect-invoice-speed-stack,yes,yes,yes,0,0,yes
smash-quickbooks-why-tradies-choose-speed,yes,yes,yes,0,0,yes
smash-vs-google-docs-free-invoice-template,yes,yes,yes,2,0,yes
smash-vs-invoice2go,yes,yes,yes,2,0,yes
smash-vs-tradify-sole-trader,yes,yes,yes,2,0,yes
smash-vs-typing-invoices,yes,yes,yes,3,2,no
smash-xero-voice-invoicing-accounting,yes,yes,yes,0,1,no
solar-installation-invoice-template-australia,yes,yes,yes,0,0,yes
solo-tradies-compete-big-firms-ai-2026,yes,yes,yes,9,4,no
stop-admin-sundays-voice-invoicing,yes,yes,yes,5,21,no
stop-bringing-laptops-to-job-sites,yes,yes,yes,0,0,yes
stop-double-handling-invoicing-on-the-job,yes,yes,yes,7,7,no
stop-using-your-truck-as-an-office,yes,yes,yes,8,3,no
sunday-night-invoicing-real-cost,yes,yes,yes,0,4,no
tax-deductions-sole-trader-tradie-australia,yes,yes,yes,2,1,no
the-30000-mistake-accountant-cant-save,yes,yes,yes,3,0,yes
the-60-second-invoice-voice-to-invoice,yes,yes,yes,8,21,no
the-car-office-reality-check,yes,yes,yes,0,0,yes
the-cost-of-a-coffee-invoicing-roi,yes,yes,yes,1,0,yes
the-paperwork-tax-stop-losing-money,yes,yes,yes,5,14,no
the-verbal-quote-trap,yes,yes,yes,2,1,no
tiler-invoice-template-australia,yes,yes,yes,0,0,yes
too-nice-costing-you-money,yes,yes,yes,2,0,yes
turf-soil-landscaping-quote-automation,yes,no,yes,2,0,yes
ultimate-tradie-tech-stack-voice-first-2026,yes,yes,yes,6,21,no
voice-to-crm-ai-learns-customers,yes,yes,yes,0,5,no
voice-to-estimate-build-bids-without-pen,yes,yes,yes,6,8,no
voice-to-quote-feature,yes,yes,yes,10,3,no
voice-vs-typing-thumbs-costing-ten-dollars,yes,yes,yes,8,12,no
wave-invoicing-alternative-gmail,yes,yes,yes,3,1,no
what-does-a-good-tradie-business-look-like,yes,yes,yes,2,0,yes
what-happens-no-abn-on-invoice-australia,yes,yes,yes,2,0,yes
what-is-a-bas-sole-trader-australia,yes,yes,yes,2,1,no
what-must-be-on-a-tax-invoice-australia,yes,yes,yes,3,4,no
who-is-smash-invoices-for,yes,yes,yes,0,4,no
why-every-invoicing-app-fails,yes,yes,yes,0,3,no
why-i-deleted-my-invoice-spreadsheet,yes,yes,yes,8,3,no
why-invoicing-apps-fail-mobile-test,yes,yes,yes,0,5,no
why-trades-businesses-fail-year-3,yes,yes,yes,3,2,no
why-tradies-hate-phones-for-admin,yes,yes,yes,5,7,no
word-vs-excel-vs-app-for-invoices,yes,yes,yes,8,1,no
xero-quote-builder-gmail-extension,yes,no,yes,3,3,no
xero-too-complicated-sole-trader,yes,yes,yes,2,2,no
